PatientID,FirstName,LastName,Email
1,Ryan,Castro,gilbertcamacho@example.com
2,Richard,Simmons,gthomas@example.org
3,Brian,Williams,brianturner@example.com
4,John,Shaffer,buchananbradley@example.org
5,Todd,Green,bjohnson@example.org
6,Walter,Sellers,lclarke@example.com
7,Joseph,Gaines,david68@example.net
8,Lisa,Bender,amybeasley@example.org
9,Luis,Arnold,melissa88@example.net
10,Kara,Ramos,cynthia50@example.org
11,Brooke,Carroll,gjordan@example.org
12,Anna,Morales,phill@example.org
13,Chad,Watson,michaelrandall@example.org
14,Anthony,Hayes,piercedaniel@example.org
15,Scott,Lewis,james16@example.net
16,Terri,Gilbert,bowenmichael@example.net
17,Kayla,Mcintyre,monique49@example.net
18,Zachary,Green,philipharper@example.com
19,David,Miller,kristin64@example.org
20,Meagan,Gibson,joshua00@example.net
21,Christopher,Wilcox,tstevenson@example.net
22,Alexis,Cardenas,rodriguezwesley@example.org
23,Deanna,Bush,garciatimothy@example.net
24,Daniel,Day,nmckinney@example.net
25,Trevor,Johnson,mackenzie19@example.com
26,Matthew,Soto,christopherwood@example.org
27,Jon,Contreras,sroberts@example.com
28,Bonnie,Moss,james89@example.com
29,Karen,Levy,rlee@example.net
30,Elaine,Brown,mboyd@example.com
31,Shawn,Reyes,michele74@example.com
32,Melissa,Haynes,ggutierrez@example.net
33,Adam,Rubio,llane@example.net
34,Jason,Jones,robert29@example.net
35,Scott,Parker,hwhitehead@example.net
36,Stephanie,Peterson,wscott@example.net
37,Derrick,Walton,mcfarlandalexander@example.com
38,Peggy,Gonzalez,hintonfrank@example.com
39,Jennifer,Bowers,christopher01@example.net
40,Mark,Martinez,rachel30@example.net
41,Daniel,Garrett,heatherhinton@example.org
42,James,Gibbs,jeffery49@example.org
43,Andrew,Moore,phillipsmichelle@example.com
44,Kelly,Summers,usingh@example.net
45,Eric,Reed,amy07@example.net
46,Cheryl,Gonzalez,sarahjohnson@example.org
47,Paul,Brandt,lindsaykelly@example.net
48,Scott,Harris,troy87@example.org
49,Lisa,Hayes,jeffery86@example.net
50,Linda,Martinez,david67@example.net
